"y","x1","x2","x3","x4","x5","x6","x7","x8","x9","x10"
0.0988856620671945,-7.13742400333285,-0.494428310335973,1,7.83944936469197,0,-7.03390434011817,-3.61932074278593,-4.80957147479057,1.58287721499801,-3.20142916962504
-1.98897021938564,7.28153231367469,-1.10141716812883,0,-0.984102196991444,0,6.92806989327073,7.10714721307158,1.06392643600702,7.50316182523966,-6.81227970868349
-0.0511138497927153,-7.59038495272398,-0.255569248963577,1,3.19845148175955,1,-2.41693400964141,-0.864266898483038,-5.31115493923426,-1.75143472850323,6.85307303443551
-0.713830789809448,6.73221022635698,-3.56915394904724,1,6.22523128986359,1,-1.41123370453715,0.66859458386898,7.09809833392501,5.64503215998411,-1.58161632716656
0.553544318842148,-2.13336408138275,-2.76772159421074,1,5.34655157104135,0,7.37834364175797,-5.41192861646414,0.0705293603241444,-7.32339917868376,2.64600283280015
1.9997488776068,3.17428075149655,0.158468417421088,0,3.7507433667779,1,0.497166622430086,3.08885664492846,-7.24688851833344,-1.20444238185883,-7.60052003711462
-0.275002616025689,1.10963755100965,1.37501308012844,1,2.35045291855931,0,-2.58380891010165,4.75638984888792,6.20491559058428,-7.64175125584006,-5.55758440867066
0.265886603483155,-3.45582181587815,1.32943301741578,1,5.48605228215456,1,2.09207574278116,4.37738542631269,-4.85155845060945,-7.48685835674405,-5.63161758333445
-0.19862324222364,-7.81808130070567,0.993116211118199,1,-5.44573997333646,0,-6.05217974632978,-4.58736896514893,-5.00745307281613,-6.42861186340451,-6.47317181155086
15.7164596730634,-1.2580476924777,-78.5822983653172,1,-2.18070036172867,0,6.35949867963791,-4.74232931062579,1.05802232399583,7.0847608409822,-0.0901572108268738
0.314444935104193,1.82867986708879,1.57222467552097,1,-3.59851985797286,1,0.267337955534458,2.13194665685296,1.38119821995497,2.28411370888352,1.45279090479016
0.201705102128154,-7.92391404882073,1.00852551064077,1,-6.00328763946891,1,4.95144386962056,4.17612817138433,7.51954270526767,-5.64973197877407,-5.60197230428457
0.100320899175096,2.61758871003985,0.501604495875479,1,1.05003118515015,1,6.29932103306055,4.92747556790709,-3.90600930899382,-0.967786990106106,-1.92938260734081
0.0656604567495263,-6.14954993501306,-0.328302283747632,1,2.77184356749058,0,-1.9268029294908,5.26275807246566,4.78883261233568,-1.51640142500401,4.6189182959497
-1.34566697445776,6.4367132820189,8.0392399243825,0,-7.97274991869926,0,-7.08342238515615,-6.10286544263363,-5.78906046971679,-4.29686891287565,-0.534486960619688
1.81319322804416,-6.38401936367154,-9.06596614022078,1,4.81473955884576,0,-2.46828610822558,-3.49851031601429,-4.08117984980345,2.99906361848116,-0.330804634839296
0.859622211732534,1.04664732143283,4.29811105866267,1,-4.82811414822936,1,-1.60292595624924,5.54913626611233,5.79827771708369,-4.52615212649107,-1.05305611342192
-1.99113074108597,-3.97709323093295,-0.993093787172107,0,2.66792702302337,0,1.70382751151919,-6.26417194679379,1.88568140938878,5.29663657769561,-5.33347066119313
0.171782703137696,1.29913439974189,0.85891351568848,1,4.60374893993139,1,2.88075376302004,-7.7200526446104,-3.4463850222528,3.35003979131579,3.90032259374857
1.99994529292543,7.24037928506732,0.0739642309268635,0,7.23490353673697,1,-4.68893828243017,-1.38536621630192,2.45363476499915,0.371235061436892,5.01911608874798
-1.98327516295105,3.63646084815264,1.24421161519097,0,-1.87715876102448,0,7.61614598333836,1.4537902250886,7.15953309088945,-7.14228491857648,-5.74041009694338
0.169648844611152,-1.5268375761807,-0.84824422305576,1,0.422042902559042,0,-7.55900897085667,0.261053286492825,-0.655095029622316,1.99289385229349,-2.34943404048681
-1.9964736811764,-0.122169531881809,0.545929427331565,0,-1.78633416071534,0,-3.69476215168834,6.95514041930437,-4.06327987462282,4.36517001315951,7.99585036933422
-0.103303806563558,2.75424559414387,-0.516519032817788,1,-5.89235839620233,1,-3.16207562014461,-3.83180145174265,0.50825821608305,-1.8784460388124,3.63674118369818
-0.299849562738346,-0.508284360170364,1.49924781369173,1,4.92349469661713,0,6.97074868530035,3.37123906612396,3.91053570061922,2.77425498142838,1.85043123364449
1.86223159503345,-3.26812764629722,-9.31115797516723,1,2.97999500855803,0,1.70010222867131,-5.3096315190196,-5.53606793284416,-7.53795784711838,0.809561803936958
-0.301608654120089,0.738681152462959,1.50804327060045,1,-3.31042385473847,0,-2.67927274852991,5.11795786768198,5.8663931787014,-4.92587008699775,-3.26639837399125
1.75251945802733,3.76040992513299,-4.97474162115648,0,-1.28081674873829,1,0.954589772969484,4.00171239301562,2.31500654667616,3.73253146559,-0.750296548008919
-0.135292070343459,4.34582721441984,0.676460351717297,1,3.76417686417699,0,-5.57973987609148,-3.36006511747837,7.74162753298879,-0.622940346598625,-0.920882273465395
-1.99962604975308,5.0302916392684,0.149737389317981,0,5.59713992848992,0,-0.68147561699152,-5.12299142405391,-5.43491902947426,-0.823593981564045,-5.50025605037808
-0.304748993115251,-2.6699433773756,1.52374496557625,1,-6.76056658104062,0,-5.94676586985588,1.87667094916105,-4.75208365917206,5.02557189762592,3.29817128926516
1.9931732599587,6.25991305708885,-0.826240887471467,0,-3.45817192643881,1,-7.01455148309469,1.79683179780841,5.4373581558466,6.55503615736961,-7.9335654489696
1.96983701995243,-3.06074564531446,1.73674926364091,0,-6.24296017736197,1,-1.399871814996,5.85150175541639,0.487230386584997,6.58621884509921,3.79226810857654
1.99236115777374,3.18030057474971,-0.87400470400659,0,-4.44897282868624,1,0.746158555150032,2.23546320945024,-6.14040792733431,6.66103796288371,-7.62128388136625
-0.186889964919735,-4.90440138056874,-0.934449824598676,1,-7.24712106585503,1,-0.14306278526783,-6.52961103990674,5.20509127154946,6.90803869441152,-7.39262666925788
0.0180593644735318,7.62732158973813,-0.0902968223676604,1,-7.02596562728286,0,1.67920468747616,5.87803444266319,5.51659119874239,0.632778491824865,-7.0077603533864
-0.0602199851621679,-5.29451870173216,-0.301099925810839,1,0.538083136081696,1,-2.02584329247475,5.46806925535202,-3.07278415933251,2.31530028581619,-7.6894747801125
-0.320716374978561,-5.27317254245281,1.6035818748928,1,-6.4272065423429,0,7.66102080792189,-0.0721470937132835,6.45126521959901,-7.02883419767022,-4.38320880755782
-1.94143533492435,2.04944647848606,2.37053021207434,0,-1.30645799264312,0,5.65842268243432,-6.73003723099828,3.58446849137545,-1.35857574269176,-0.573110494762659
0.00921401281477152,3.74712856858969,0.0460700640738575,1,-6.0682175680995,1,-7.87239196151495,-7.65359194949269,6.13327237591147,0.274000000208616,5.94746297225356
-0.117612175321572,7.02581186965108,0.588060876607862,1,6.80529137328267,0,1.20265051722527,-3.05653074383736,-2.66622384637594,2.80997235700488,4.77836984023452
-1.99579414042854,4.29273937270045,0.600450580095012,0,-7.8459277190268,0,-5.53981699049473,3.70689718052745,7.94002241641283,-2.20121889188886,-3.66594514995813
-0.308528141625979,-5.33907786384225,-1.5426407081299,1,-0.266620792448521,1,-0.674247000366449,7.93022276461124,-5.94342477619648,-1.62943068146706,1.05626065284014
1.99706255353705,-3.51527753472328,0.541982145734526,0,4.11559198051691,1,2.07885082438588,-0.718613803386688,-7.5549081005156,-4.08118665218353,-7.53011272475123
0.196896640111397,-1.19574870914221,-0.984483200556986,1,6.59348221868277,0,-3.62555903568864,3.12331795319915,-7.79779888316989,-5.47281880304217,5.55907789990306
0.0188616490303635,5.39669597521424,-0.0943082451518183,1,4.43950858712196,0,-6.30469093844295,7.11450812593102,-4.46464568004012,0.491866234689951,-5.21551677584648
-1.96120528007346,-5.57592438533902,1.92027206056784,0,7.58601710945368,0,-6.44024013727903,-0.579062543809414,3.14556079730392,4.8112862072885,2.50552320480347
1.99835928763487,2.65366045385599,-0.405057078092859,0,-5.4067071415484,1,7.43968872725964,3.30788329988718,-7.48249495029449,-0.91592900454998,2.26123441383243
0.321097369040688,5.08933956176043,1.60548684520344,1,-3.01223888620734,1,-7.59940369427204,5.37843384966254,-2.14063358679414,4.10184666886926,2.55489272996783
-0.235862616041235,2.77789247781038,1.17931308020618,1,-0.962297666817904,0,6.3464236035943,-7.21961282938719,0.214563947170973,2.2096019089222,1.87363469973207
1.9923630621624,-1.99236916005611,0.873895751082422,0,2.4184709303081,1,1.35195335745811,-1.54096788913012,7.31344826519489,6.34154008701444,7.25663224607706
-0.0714696833226931,6.14937556162477,0.357348416613466,1,3.04958192631602,0,2.60048655048013,0.650580819696188,-6.33133867383003,-1.87141287326813,-5.23694183677435
1.9838568935779,1.13652328401804,-1.27055524957002,0,-4.81463650986552,1,0.161703538149595,3.72746002674103,-5.88591681048274,7.23518343269825,-5.69450516626239
-1.99124491153424,-0.480835724622011,-0.987021262606288,0,4.79434902220964,0,-4.04504734277725,-5.66583842039108,1.89471895992756,3.37062732875347,-3.4149490557611
-1.97889067490884,2.17744787037373,-1.50376494286935,0,4.31583761051297,0,6.62203386798501,-2.15681033581495,-2.99831873178482,6.87152611464262,-4.56954801827669
-0.564486149348916,3.84956720471382,-2.82243074674458,1,2.54958417639136,1,1.15678539872169,-7.68020755052567,-0.17274497449398,-2.0043603181839,0.710153941065073
-0.377078181068687,-5.66595844551921,1.88539090534343,1,-5.7580086812377,0,1.83216343820095,-7.85190791636705,4.64419952780008,4.56057995185256,2.4189041852951
1.98291852406411,-1.49754751473665,1.30696120584709,0,2.69235243275762,1,0.561103235930204,4.7360167466104,-7.75499055534601,-4.49425012990832,-3.43870201334357
-0.0290068626899052,-0.66737025976181,-0.145034313449527,1,-5.56265384331346,1,4.59740305691957,2.90679900720716,-1.64731384068727,-0.232638847082853,1.60402625799179
-1.38116574586537,0.931920152157545,6.90582872932686,1,1.24606062099338,0,4.23399865999818,-7.58246137201786,2.78176907449961,2.89965272694826,0.419884830713272
-1.99986904001387,-1.4449608437717,0.0748839405708237,0,1.81808391958475,0,0.261545989662409,-3.12788121029735,2.99594071134925,-0.581860058009624,-7.77015810832381
1.98026897432017,7.96991277486086,1.40467169402062,0,-5.58840566501021,1,-3.14057419449091,7.17344797030091,6.46588399261236,7.02629206702113,5.00208845734596
0.156513345387802,4.00440089404583,-0.782566726939013,1,0.578859876841307,0,-4.69462253898382,-3.47010383009911,6.5910023637116,-2.5623436383903,3.27428134903312
-0.824129742303453,-4.98481670022011,-4.12064871151727,1,1.14359084516764,1,-0.923220220953226,-2.26075225695968,-3.76697022467852,-7.99387881159782,1.93995639309287
0.140796243080185,-6.26012411341071,0.703981215400924,1,1.65727171301842,1,1.82327059656382,0.0242377780377865,7.76404547318816,-4.52186793461442,-6.4232792519033
-0.535255761609739,3.90103770419955,-2.67627880804869,1,5.46170923113823,1,2.42910159379244,-3.75509762018919,-6.91582648456097,-7.42294478043914,2.77360668033361
1.99848423318385,-6.15876581519842,0.389328500902446,0,0.442215763032436,1,2.12786512449384,6.56466057896614,0.327863540500402,-2.42825642600656,-6.23703741282225
1.97581126372404,7.96512545645237,-1.55527284667213,0,-4.07020906358957,1,3.54259018972516,-5.11078771948814,6.14769179746509,-6.43274190276861,4.13608577847481
-0.100600749673032,4.44995448365808,0.50300374836516,1,-3.22357954457402,0,-4.69036770239472,1.85886926949024,-4.7841831818223,3.68541885539889,7.3268218524754
-1.995808387422,-1.4690713621676,-0.699354493169712,0,5.53836639598012,0,-1.80325338244438,-7.23343591764569,1.42661533504725,3.77283269912004,-5.39473576843739
-1.99802516895277,-3.54826718196273,0.397194705606739,0,-0.828748140484095,0,-0.183483771979809,4.80074216797948,-5.77526243776083,2.39618619531393,6.03277476131916
-0.440278315874802,7.30713395401835,-2.20139157937401,1,3.15833708271384,1,-3.04052497446537,2.58546789735556,6.92506733164191,6.17059058323503,-2.8030408769846
-1.97856418310885,-3.92748792096972,1.4149510876187,0,7.15841457620263,0,7.63667250052094,3.76554429531097,-3.3224018253386,-6.17640074715018,-4.36509841307998
0.378805648613804,-6.07830074429512,-1.89402824306902,1,1.16936377063394,0,5.15694097802043,-7.3038768582046,-3.70456732437015,-3.6809027902782,1.94342550262809
1.99276996752448,0.719841353595257,0.850295976440851,0,-0.114219896495342,1,-5.92971514165401,0.647396355867386,-2.64210809394717,6.15220035985112,7.23536336794496
1.98930270308313,2.77645501121879,-1.03427737657131,0,-0.0438703820109367,1,-0.459336649626493,2.00931391492486,-4.54329422488809,7.54416847601533,-7.29414434358478
1.96039648064307,-2.01067166402936,-1.9900632994187,0,-6.50128104537725,1,6.87221883237362,3.98285179585218,-6.19282930344343,6.42676244303584,-3.2294261418283
0.108724015717317,-5.64614535868168,-0.543620078586588,1,7.33916693925858,0,-5.6722372956574,-5.60742816329002,5.87409707158804,3.13973866775632,-5.7756120339036
1.98467864239183,7.50409594550729,1.23779471675125,0,-4.81314836815,1,-1.43703874945641,-0.880077000707388,3.6001754142344,6.89555687457323,5.5708404481411
-1.85985677448447,-6.89221128821373,-3.79390471988177,0,0.525546964257956,0,-6.68598304316401,3.18866821378469,6.9737775363028,3.97017590329051,-1.04646167904139
0.187369385889356,1.6381983011961,-0.936846929446779,1,-5.83566272258759,0,6.89393860474229,-6.30759298056364,6.76418692618608,-6.2311603911221,6.65120436996222
1.99987350695996,-4.88210640475154,-0.112469124668681,0,-4.1487006880343,1,5.09349938109517,4.35050342604518,-6.24409892037511,0.613935526460409,-5.45870280638337
-1.9988525861941,1.02678165584803,-0.392405287035804,0,-5.05542181059718,0,-4.80641039088368,2.1750869192183,-2.73960205167532,-2.5641706623137,6.53449570387602
-0.111958844736633,-5.6383657976985,0.559794223683164,1,2.56890791282058,0,2.02650728076696,1.47684933617711,3.73556604981422,3.60174784809351,6.43405682966113
-1.99878464808618,5.18548147380352,-0.402186302093777,0,-6.34177108481526,0,-0.42222149297595,-7.81809854507446,-5.61452005803585,-2.54309254512191,6.32317046076059
1.99643414726442,-2.72758546099067,0.597147614545793,0,-3.5160158611834,1,2.13931678980589,-7.68005341663957,3.26219787448645,4.01122232154012,6.71730443835258
-1.97476260554364,-0.382415648549795,1.53941481232423,0,-7.93085346743464,0,1.95501501485705,-5.40775612741709,-6.37840081378818,-2.78503322973847,-1.80915059894323
1.98866568743898,-4.96346271038055,1.06462728506353,0,-4.39264662563801,1,6.22313243895769,-6.90690346434712,1.87042967602611,-3.3921216391027,-3.18620580807328
0.20591271783471,0.310986153781414,1.02956358917355,1,3.97237170487642,1,-0.717156615108252,-0.379832573235035,4.47032032907009,-3.42177154496312,-3.3235164694488
0.363418257091617,-0.0785357542335987,-1.81709128545809,1,-7.54406471550465,0,6.5496324673295,7.73151444643736,1.26076448708773,-4.71236666291952,2.593357142061
-1.99765051196653,-5.73338381946087,-0.537287187751301,0,3.92618246749043,0,3.91949206218123,-1.02173737809062,0.201178003102541,-3.39622085914016,6.32105312868953
-1.99426037834614,4.05249248072505,0.70925105557106,0,1.93681490048766,0,4.12964146584272,7.16874684393406,-3.39762959256768,-3.75436286255717,-5.2934187874198
0.634151377048226,-7.82520273700356,11.6869526522177,0,-1.58301557973027,1,-1.06016771867871,-2.60622896626592,-7.54560836404562,-5.34585279226303,-0.457420591264963
0.3750967695905,-5.15260873362422,1.8754838479525,1,-2.51724309101701,1,-7.43967537209392,-0.122827757149935,-3.03528758138418,-5.37023931741714,-2.86338873207569
1.99287016600402,-6.18118010088801,0.844383443464865,0,-4.2464786246419,1,6.18630834296346,5.41709375008941,-0.787926942110062,-3.4115596935153,-4.04029676318169
0.014265999735112,0.587248545140028,-0.0713299986755596,1,4.22247877344489,0,-2.5639750212431,5.21675379574299,-6.60359442606568,0.188461542129517,-2.64210774749517
-0.0748992543902451,0.726791672408581,0.374496271951226,1,-4.66650066524744,0,1.08255775272846,-5.72165447846055,0.00209604203701019,-2.08110616728663,-5.55708113312721
-0.315026835531574,-7.66525437682867,1.57513417765787,1,-4.40347226336598,0,-7.39861694350839,-6.15275944396853,7.98576392233372,7.06471456214786,4.48515095561743
-1.9994476210702,-5.58828082680702,0.19028710531384,0,2.47928833588958,0,4.09060922637582,-7.92833409458399,-4.80965376272798,1.22840108349919,6.45551405847073
-1.98193307672871,0.901400376111269,1.29506220195552,0,-0.0528126172721386,0,5.98738082125783,3.85985789075494,6.45707582309842,0.594092704355717,0.458736810833216
0.165068927597844,4.07244592532516,0.82534463798922,1,1.43389505892992,1,-6.11358983442187,4.51900058612227,-6.22432139888406,3.64198457822204,4.41268339380622
-0.414810171624395,2.58147138357162,-2.07405085812197,1,-1.07553305849433,1,-4.05496605858207,-4.58968796208501,1.69595229253173,-2.92965457215905,1.41252783685923
1.99409092274904,4.25279122591019,0.768705226400954,0,2.61371846497059,1,-3.91769587248564,0.287811569869518,-2.79552947729826,5.29498799517751,6.88819044455886
1.99731061271864,-5.71452745050192,-0.518593027465766,0,1.98735485225916,1,-7.86829801276326,-4.93267777562141,5.78005598857999,2.57874396070838,-4.97257738560438
0.248361788408531,1.37670352309942,1.24180894204265,1,0.0308808647096157,1,5.79256035760045,-0.691138602793217,-4.1401626765728,-4.61410584673285,-3.71563264727592
-1.91809893447028,3.31630156934261,-2.9122729696819,0,-3.23084162548184,0,-1.42278352379799,0.425330843776464,-3.19782711192966,-2.43087669834495,0.834700841456652
1.99972563593077,-1.27851938083768,0.16563938819974,0,3.71258433908224,1,3.11278176307678,-2.43494851142168,-3.99944396689534,0.271509405225515,1.63915967196226
0.742422598104963,7.85435482114553,3.71211299052481,1,5.5008746907115,1,-2.89494513720274,3.86431183293462,3.4179178699851,6.49734960868955,1.7503103017807
0.271322376794085,-6.62370943650603,-1.35661188397042,1,2.66903221234679,0,-0.864839222282171,-7.2671724408865,-7.82977971062064,7.84394526854157,-5.78201131895185
-1.99619180902297,0.785845190286636,-0.669127690951834,0,0.0752216093242168,0,4.92093507945538,-3.44574996829033,-1.17975132912397,-3.32450270280242,4.96841297671199
-1.03570636404518,-1.9410481415689,-5.17853182022588,1,3.38695112988353,1,-0.693001437932253,-5.27408127859235,-0.949672427028418,-2.84658906981349,0.549690369516611
1.99563888702544,-1.79647152870893,-0.660387232959411,0,7.61029752716422,1,-2.57345307990909,-3.59901981428266,2.38642303645611,2.0656507872045,-3.12793870642781
1.99194007902943,-2.7950506284833,-0.897770626082464,0,3.04062609001994,1,4.39752884954214,3.10508562996984,5.25777193158865,4.32768664881587,-4.82048144936562
1.77421702203978,7.94330564886332,-4.75166263491235,0,7.92730302363634,1,7.61519344896078,5.56393142044544,1.31537620350718,-4.3323466219008,0.911753833293915
0.340347698975191,3.9425295330584,-1.70173849487596,1,7.22771445289254,0,-1.41676700860262,0.120097432285547,6.01973662525415,-4.12030657753348,2.42123369127512
0.572609913016469,4.47663935646415,-2.86304956508234,1,4.18406683579087,0,2.83732280880213,7.25661736726761,-3.45477259904146,-5.90711819380522,2.06322596222162
-4.75179845023283,6.47472105920315,-23.7589922511642,1,-5.6687240190804,1,0.477997023612261,-6.75259879603982,7.69562730565667,5.70632785558701,-0.240175500512123
0.228104948972172,2.66759991645813,1.14052474486086,1,-5.19631420075893,1,-5.94312107935548,0.361688300967216,4.67338278889656,-6.39800499007106,-5.60970291867852
-1.99714359678843,3.06925789266825,0.48678703519812,0,6.9482283629477,0,-7.20181541144848,3.60219828039408,1.67371121421456,3.316815122962,6.8136882930994
0.0216181873430448,7.13711080700159,-0.108090936715222,1,-0.323323540389538,0,-7.40476011112332,-6.39520702883601,4.9880598783493,0.71077498793602,-6.57571309432387
0.515405264498491,-5.92641540244222,-2.57702632249245,1,-2.09422313794494,0,7.39150715246797,4.54683908820152,-5.65761762112379,-5.13192564249039,1.99141374602914
-0.228733052164359,7.20906576886773,-1.1436652608218,1,-2.79348303005099,1,-2.44682331010699,-0.800604853779078,-3.86481561139226,-4.89511527493596,4.28019932284951
-1.95319137658257,7.24222234636545,-2.21410774725827,0,-0.414485339075327,0,4.45043688639998,-0.856783919036388,3.07658554241061,5.55781671404839,-2.51018349081278
0.112715987467546,-6.59435717016459,0.563579937337727,1,6.89612038806081,1,-4.45315880700946,3.681784812361,-3.05471355468035,2.77680584043264,4.92708426341414
-1.99431509725051,5.50139050558209,-0.805638984535073,0,0.516983106732368,0,4.75802814215422,-0.104591727256775,5.8288028202951,5.91778985783458,-7.34546114504337
-0.195924981390039,4.11396417021751,0.979624906950194,1,6.66433199867606,0,-2.368722114712,-6.28398731350899,2.89809087663889,2.01270690560341,2.05456893891096
-1.97001058968473,1.41496100276709,-1.78246674759638,0,-2.76801453158259,0,-7.54623505845666,6.72965078800917,7.52618438005447,4.9812468290329,-2.7945805080235
-1.97993743906465,-3.11995911598206,1.36730592799674,0,-3.13351840525866,0,2.30696351826191,-4.15676823630929,-6.01644119992852,6.94720599427819,5.08094483613968
1.94943107775854,-7.78119926899672,2.24875348229764,0,-7.91475820541382,1,-0.132992476224899,2.45630444958806,4.66223914548755,-7.95488966628909,-3.53746630251408
-2.00001706912613,-2.828921623528,-0.0781618072376815,0,-0.279577914625406,0,-3.7429716847837,6.14817363768816,0.947912145406008,-0.4110850058496,5.25941019505262
0.0305374897528594,-5.28170163184404,0.1526874487643,1,-1.96534455940127,1,-2.53929464146495,6.21990219131112,6.75104322656989,0.91490076854825,5.99198412150145
-0.144685569203474,-4.4998227506876,-0.723427846017364,1,-5.79795922711492,1,-6.89802291989326,7.60851529613137,-3.46969029307365,-4.51451056823134,6.240443456918
-0.494318945243172,-0.437364310026169,2.47159472621586,1,0.264076363295317,0,-6.65038349851966,-0.28763384744525,2.7156925983727,6.97167716920376,2.82072019949555
2.77649246765923,-7.87152345851064,13.8824623382962,1,4.85272620245814,1,7.15707666426897,-6.46112161129713,-4.96824080124497,7.64467795193195,0.550671614706516
0.0613639451126282,4.42820489779115,0.306819725563141,1,-7.3419300802052,1,4.2643011584878,6.88792016729712,-6.38859830796719,-1.0881980843842,-3.54670183733106
-1.9875042483934,4.66273985803127,1.06896164396285,0,3.41377392783761,0,7.34288697317243,-2.93858990818262,-4.52707620337605,4.92696043848991,4.60910872370005
0.543082223937146,-6.09569345414639,-2.71541111968573,1,3.34111388400197,0,6.26276654750109,-0.482634577900171,-4.88773975893855,-3.9164402782917,1.44230103865266
-1.99932072497327,-4.90199278667569,-0.315381805466654,0,6.32791560143232,0,7.8690085336566,0.896863758563995,-7.03018603101373,1.4227440468967,-4.51117985323071
1.9867962950272,7.98942531645298,-1.14907375624034,0,-3.59740266948938,1,-3.35912193730474,5.12999540939927,7.52670219168067,-0.980980340391397,0.853713989257812
-1.98754313578568,6.45170240849257,1.06722263736111,0,-5.84311758726835,0,4.51070015877485,2.17383400723338,-3.94284210726619,-4.99625822901726,-4.68155195936561
1.85498688384713,-7.91476253047585,-3.80805877256214,0,6.81848585233092,1,-1.45023113489151,-2.15791405364871,4.14897277206182,-7.8626371063292,2.0647362805903
0.0508990138964545,3.58063565194607,-0.254495069482273,1,2.28904097154737,0,-1.97132415696979,-0.318056602030993,-1.69011454284191,-1.89722466096282,7.45485822111368
0.636960640700601,-1.49212857708335,3.184803203503,1,1.6711115129292,1,7.30403306335211,-5.74816733971238,-3.96550401300192,-5.96002851426601,-1.87139616906643
-4.22168810277355,-7.63330490514636,21.1084405138677,1,-3.15355572849512,0,0.0896385870873928,-4.18738302960992,4.74588650837541,7.37475830316544,0.349374853074551
-2.00000817967778,-1.63839072734118,-0.0910125861394485,0,-4.55808841064572,0,-7.2081420570612,5.46772362664342,-4.15707353502512,-0.556252766400576,6.11182244122028
-1.99397815967194,-5.15941811725497,0.727614321373927,0,5.11546010151505,0,-5.87919872999191,5.00025066360831,-5.60479166358709,-4.26615635678172,-5.86321108788252
1.99457274331897,-3.94323528185487,0.736699170695147,0,1.06564838439226,1,4.34605669230223,7.82659474387765,-5.14242102205753,4.7717298194766,6.4771755002439
-1.91227786345055,6.6183161623776,-3.01221431617379,0,6.47243978455663,0,5.10035821795464,3.67091019079089,7.00781455636024,2.72578775510192,-0.904911626130342
1.999509131514,-2.00213149189949,-0.221555520354644,0,1.62617073580623,1,-1.97196125239134,-2.04386743158102,0.9442458152771,1.34383560344577,-6.06545754894614
-0.164916754046795,-3.20375765487552,-0.82458377023397,1,-4.78808128833771,1,-7.30687308683991,0.166058905422688,3.66561342030764,2.67438662797213,-3.2433170825243
-1.99435281844536,4.33721641823649,0.70313886864529,0,5.10604970902205,0,-0.734410014003515,6.865025408566,-1.57940853387117,3.82961833104491,5.44646086543798
0.07275706210331,-7.77093332633376,-0.363785310516551,1,2.50186825916171,0,-6.46624512597919,1.25553581863642,-4.37720089405775,2.73813899978995,-7.52679924294353
1.98359443690169,-4.94432893395424,1.28084203156804,0,-0.997236527502537,1,-3.67026755586267,-1.49818048998713,-5.22951251640916,-5.58380147069693,-4.35947707295418
-0.625295968977145,7.98889723420143,-3.12647984488572,1,-5.79640572890639,1,6.94600369781256,-4.60980801284313,7.8518886603415,1.70123414695263,-0.544137250632048
1.75861285117958,-7.70185445249081,4.91311661596203,0,-7.66388341411948,1,5.81780334562063,5.15399773418903,6.20262613892555,6.90128169208765,1.40466474369168
-1.99813922225854,3.48609954491258,-0.484255425004743,0,3.33265915513039,0,7.98616944253445,-0.133418194949627,-6.72939899936318,-1.90049206092954,3.92456534877419
0.224297571572807,0.597651727497578,1.12148785786404,1,-6.45027568563819,1,-5.92262702435255,-5.41944559663534,0.118504133075476,6.12912584841251,5.46517361328006
-0.124707389160926,-1.73653961718082,0.623536945804627,1,-6.65274950116873,0,0.724642619490623,3.35827436670661,6.25101951882243,3.20029691234231,5.13248963654041
1.98506539656045,-0.0116160847246647,1.22207215169785,0,-4.86954912170768,1,5.31405163928866,1.73744194209576,4.41158612072468,3.70331853628159,3.03035997599363
1.47438026527456,7.83882205188274,-7.24996368767072,0,7.76534184068441,1,7.4945393614471,-6.23434735834599,-6.43322420492768,-3.49462899565697,0.482020206749439
4.07563685426893,-0.0836200825870037,20.3781842713446,1,2.64068360626698,1,6.72330900654197,-4.43944609537721,-2.36880903318524,-1.09840082749724,-0.0539008192718029
-1.99718987653113,7.62685886770487,0.482458774823659,0,7.8114277869463,0,-5.48757538944483,0.745168745517731,3.82015401497483,3.61856680363417,7.50026114657521
1.36338871680163,3.96676819398999,7.97879240987236,0,-1.79384328424931,1,-7.19469879940152,-6.58928403630853,1.11104048788548,4.88865248113871,0.612705811858177
0.0978371325909653,2.95207842439413,-0.489185662954827,1,5.02292125299573,0,5.31789396703243,-5.93506351485848,0.708284363150597,-1.03922094032168,2.1243896111846
0.0952851140528694,-0.0840479657053947,-0.476425570264348,1,-3.68822543695569,0,-5.92173605784774,3.90038364753127,5.58912751823664,-3.71839023754001,7.80476630479097
0.115188770723469,-7.12772322818637,-0.575943853617345,1,-0.360125999897718,0,-1.86241038143635,6.12868186831474,-3.56257078424096,4.53892742469907,-7.88085053116083
0.146064017877115,4.49823024868965,-0.730320089385576,1,-4.81462563946843,0,3.56676010414958,7.14020004868507,4.00627287849784,-4.96137503162026,6.79342538118362
1.99406534398942,-2.45936140790582,-0.770367185865526,0,3.93798018246889,1,-7.06961418688297,-3.8865836635232,-5.08058431744576,-5.35839093476534,6.95563236996531
23.4623231457954,-7.64517263695598,-117.311615728977,1,0.977197963744402,0,-5.28867129608989,-4.55679810792208,5.22751395404339,-7.79327313229442,0.0664322376251221
0.0853283365707802,1.96439268812537,0.426641682853901,1,-4.54668873921037,1,-1.88688058033586,-4.66518493741751,1.59183241799474,-2.01644641160965,-4.72632303088903
-0.121802656098843,-5.92605034634471,-0.609013280494212,1,-4.84376577287912,1,-4.08613912016153,-4.98589523509145,-7.45795677229762,1.22597730904818,-2.01305513083935
1.95894910211632,-5.12242855131626,-2.0261021169644,0,-7.07688011601567,1,-1.32886954769492,-4.82734882086515,0.0754254907369614,4.85236879065633,-2.39492804929614
-1.99006653415301,2.18208181485534,-1.04792113150214,0,-2.47449308633804,0,-2.75148123502731,-5.73208844289184,1.12521717324853,-7.83406788855791,7.47581822052598
3.79416818330784,-5.30028222128749,18.9708409165392,1,1.95282903686166,1,-5.95151727646589,3.12717362865806,3.41870599240065,6.0826609171927,0.320632118731737
1.99926591564285,-2.20668361335993,-0.270939911630829,0,-5.2221659719944,1,-2.15614271536469,-2.82519077137113,-1.21685837954283,-0.155309185385704,0.573223724961281
-1.9990639234765,-4.46520792320371,-0.36001234225431,0,-7.90565943717957,0,1.53973285108805,-1.9094428755343,3.53576812520623,1.57229322567582,-4.36733145266771
1.98812086335506,5.24180835485458,1.08991452164566,0,-6.67952163890004,1,4.14703401550651,3.9549060575664,-3.87548900768161,2.72826842963696,2.50319486111403
-0.0697098573844444,-7.94171616062522,0.348549286922221,1,-4.959896620363,0,0.625833302736282,-3.50097773224115,6.69348457828164,-1.32217326015234,-3.79336096718907
1.99503918968915,-5.47974595054984,0.704330200321764,0,5.28412511199713,1,-3.62796123698354,4.18941225856543,-3.39996356517076,4.5618000626564,6.47679179534316
-0.309185087847929,6.99526826292276,1.54592543923965,1,-1.63922284916043,0,6.97582283988595,-6.83161383494735,7.02046331763268,3.78128043189645,2.44596559181809
1.97732393540378,4.24699635803699,-1.50585738356012,0,-6.49861928075552,1,0.56957245990634,2.73760920763016,7.24972737953067,5.54506973922253,-3.68233393132687
0.0659857750928778,5.1461309120059,-0.329928875464389,1,6.237549521029,0,5.93073186278343,6.70700187236071,-5.70396918430924,2.58388625830412,-7.83164630457759
0.274131183237515,-3.9711824990809,-1.37065591618757,1,0.465736545622349,0,4.31342719495296,4.41998955607414,2.66554550454021,3.69294181838632,-2.69428802281618
1.40364715528266,-6.11910842731595,7.72238852115935,0,5.21404597908258,1,3.18887981399894,3.84757576137781,7.08813887834549,6.34416770935059,0.82152920588851
-1.95594437479741,-5.87447071075439,2.04953864462147,0,-3.44072982296348,0,-7.01225697249174,-2.88674333319068,-0.919828236103058,-4.87982572615147,-2.38093862682581
-0.52621405590918,-1.29023961350322,2.6310702795459,1,4.45084974169731,0,4.23758770897985,2.15141183882952,-0.639019913971424,7.71454974263906,2.93209565803409
-1.78299354963507,-2.14603983610868,4.60866343885165,0,-5.68119969964027,0,-4.07659628614783,-1.09696481376886,5.21825965121388,5.01548920571804,1.08827413246036
-0.335631782549205,-5.6836249679327,1.67815891274603,1,-4.36676988378167,0,-6.11670092865825,-2.67877799645066,2.87611854821444,1.2995171546936,0.774370737373829
1.99997372891315,0.317614059895277,-0.0512553283525676,0,1.636853300035,1,4.88077672943473,4.03834085911512,-3.31670472770929,0.403618145734072,-7.87465730309486
1.9788365670519,3.93264603987336,1.4547657181862,0,6.27692717313766,1,7.72593035921454,-7.66689836233854,1.93172374740243,6.80902856588364,4.68049836531281
0.578552773946388,-6.24346890300512,2.89276386973194,1,2.32761325314641,1,-2.34775560349226,-1.77385894954205,0.883452799171209,-7.50216865539551,-2.59342586994171
0.156802158097646,-2.08636038005352,0.784010790488233,1,-1.07760540395975,1,-6.61622834205627,-3.1554372869432,0.641067549586296,3.5725291185081,4.55673462897539
0.0346084221928507,-4.44109027832747,-0.173042110964251,1,6.35207352042198,0,-7.91006354242563,-5.31008625030518,6.81651606783271,-0.720623552799225,4.16444037109613
-0.194197256148519,6.35158352926373,0.970986280742596,1,7.12908736616373,0,-0.965430039912462,1.84488134086132,-2.9482352770865,4.10772373527288,4.23046526685357
-1.86087080464474,-6.298419483006,-3.78033772405743,0,2.03991372510791,0,-4.87201746925712,-6.65350930020213,-2.0846796259284,-7.40381259098649,1.95850559696555
0.0869041090886458,5.4239933937788,0.434520545443229,1,-6.67171155661345,1,-7.07153484225273,-4.53826733678579,-2.46412110328674,3.09448776394129,7.12161437794566
-1.93590553704412,5.52591230347753,-2.58218212133094,0,-0.881031274795532,0,4.68411970883608,7.94412476196885,-4.60640167444944,-5.66306983307004,2.19313339143991
0.25714149637484,-7.56933566555381,1.2857074818742,1,-2.21438727527857,1,-3.00036670640111,-5.98582212626934,6.98882810398936,-4.02574807778001,-3.13115396350622
-1.9967394198452,4.24557130783796,0.523199804152287,0,7.92595587298274,0,-2.64256988838315,-7.28652381896973,-3.33207282051444,-3.71453810483217,-7.09965499863029
1.99243886961436,-3.60279617086053,0.869547605691726,0,-0.0104172602295876,1,7.76666615903378,6.38165623694658,7.93236467987299,1.39366046339273,1.60274199396372
-0.516576840592137,-5.58539796620607,-2.58288420296069,1,-3.87593195214868,1,-2.51404424384236,0.187103640288115,-5.65318248048425,-3.54204024747014,1.37135077267885
-0.718621779906891,-6.42083566263318,3.59310889953446,1,3.59102826565504,0,3.10847364738584,-7.18454068526626,5.6233496516943,-4.07393789291382,-1.13381976634264
1.41437162221138,3.38167161867023,-7.0718581110569,1,-5.47382026165724,0,-0.927171409130096,7.57540405169129,1.59576763957739,5.16848686337471,-0.730852738022804
-0.203318257619175,-0.700517896562815,1.01659128809587,1,-2.95268036425114,0,-2.17762484401464,-5.47125928848982,5.3810189217329,4.10612888634205,4.03911476954818
0.642770631585741,-1.61380747705698,-3.21385315792871,1,-3.25943135097623,0,4.22517104446888,4.7815563082695,2.05587104707956,-0.417192965745926,0.129810836166143
1.96369915511729,1.85524867475033,1.9052780606177,0,2.87156575545669,1,4.41127126291394,-5.51157983765006,-0.733840022236109,-5.8145248554647,-3.05179856717587
0.207409970155705,-5.87567824497819,-1.03704985077852,1,-0.7033551633358,0,-3.01310184970498,-1.1763407997787,4.8625679127872,-5.21039143949747,5.02424395084381
1.96955776862702,-6.70973429083824,-1.74477022478537,0,-7.68981107696891,1,-3.83317864686251,-4.9282305277884,-6.05671891570091,6.65312504395843,-3.81318121403456
1.99691008203803,2.61111266538501,-0.555870305194158,0,3.61424328386784,1,2.9271681047976,3.24955414235592,7.4273374825716,-3.79061959683895,6.81925183162093
-1.92566612191442,4.69665438309312,2.67688243394506,0,-2.76691621541977,0,3.59448519349098,4.81136324629188,0.588385224342346,6.1428990252316,2.29479597136378
-0.4370834007684,-2.02613704651594,2.185417003842,1,2.57981296628714,0,3.46767477691174,7.40585267543793,6.72040256857872,-3.4788830652833,-1.59186235815287
-1.13027376212539,4.78219441324472,-5.65136881062694,1,-2.31900368258357,1,-0.999697085469961,-7.2317619137466,0.660230278968811,6.30798527598381,-1.11618715524673
-0.0663824896747816,4.96990505233407,-0.331912448373907,1,-0.673758395016193,1,-5.53384286910295,1.20319369062781,-6.31191646307707,1.1943729147315,-3.59845772758126
0.133933647474049,5.83386087045074,-0.669668237370243,1,1.35976339876652,0,-6.27639006823301,-1.26796848326921,0.933874003589153,2.86525319516659,-4.27861594036222
-0.419661710344128,-1.23600216209888,-2.09830855172064,1,-4.86650640517473,1,-0.394683443009853,-3.44562597572803,7.63522741571069,3.28452556952834,-1.56532058492303
666.894998576212,-6.46604510769248,-258.680049216291,0,-3.85671991854906,0,6.88687270879745,-2.47721014544368,-0.0825789012014866,-3.77816971763968,0.0146055705845356
0.116219006840801,6.12150603160262,-0.581095034204008,1,5.92316717281938,0,-3.27706857770681,6.82774900272489,0.886159252375364,-2.6092820763588,4.49028458818793
-0.140660652446407,-3.38128293678164,-0.703303262232038,1,-6.09170636534691,1,-0.744264222681522,6.5180208645761,6.7141142860055,-2.231754232198,3.17324595525861
-1.91793518706394,-3.11826844513416,2.81513198537281,0,5.1238463036716,0,2.58630787208676,7.50701016560197,-2.40799049288034,-2.12593372538686,-0.755180835723877
0.399562654137496,5.05768279731274,1.99781327068748,1,1.15494653955102,1,-1.35106466710567,4.78697136044502,7.10843145102262,-2.50126700848341,-1.25200239941478
-0.244387237723648,1.39021450653672,-1.22193618861824,1,-4.24933821707964,1,-6.94813004881144,-5.40125793218613,7.49195592850447,3.16478257253766,-2.58997368440032
1.97803612033377,2.60380473732948,1.48202158102458,0,1.18432710692286,1,-6.33724942803383,-3.62700212001801,5.47072402015328,-6.21536201238632,-4.19384042173624
-0.166126003291533,2.31069495901465,14.7177647871256,0,4.06222444027662,1,7.00989735499024,4.22167357429862,2.65577223524451,-4.92291878908873,-0.334488209336996
0.452637729376375,-4.34768383577466,-2.26318864688187,1,-6.35393572971225,0,7.02675542235374,5.17109592631459,-4.30358724668622,-6.69749022275209,2.95931593328714
-1.99991503260248,1.75870684161782,-0.154865341043803,0,2.7788113579154,0,6.57362654805183,0.823337219655514,7.33208637684584,-1.0211792550981,6.59398189559579
1.98743034683972,-0.218501638621092,-1.12114464545297,0,-6.18900969624519,1,-5.68702138960361,-5.68212449923158,0.820432275533676,6.7187359072268,-5.99274672940373
-0.0352871456371009,1.28030616790056,0.176435728185504,1,5.6326355189085,0,-4.80552711337805,4.13677701726556,-0.277727276086807,-0.907257292419672,-5.14214043691754
-0.845069067079391,5.00275216251612,4.22534533539695,1,-1.61677570641041,0,2.59077266231179,-6.61168520152569,6.87870766222477,-3.67723415791988,-0.870280146598816
-0.455570345833751,-0.0829554870724678,2.27785172916876,1,0.951541598886251,0,-3.97649625316262,3.21277236938477,-4.28218609467149,-4.44683258980513,-1.95220458507538
1.87291917183987,-6.68746826797724,-3.56483980229308,0,-0.23212218657136,1,5.38048466295004,5.26288836449385,3.87936087325215,4.6652029119432,-1.3086711242795
-1.99451872193205,-0.579201202839613,0.692042995247027,0,-5.96926415711641,0,-5.09103407710791,-0.130927454680204,-7.60557788610458,-3.92494544014335,-5.67153409123421
0.187693005930461,1.57394846901298,-0.938465029652306,1,5.41697597876191,0,7.16704002022743,0.761781174689531,-4.08435654267669,-7.07105302065611,7.53470059856772
-1.99963414521682,6.6220545321703,-0.247700476271195,0,4.62188684940338,0,-0.868848886340857,2.71036564558744,5.92160458490252,-1.93172177672386,7.79861954972148
0.167350112108471,-7.23160365596414,-0.836750560542357,1,2.61634544283152,0,5.80366868525743,-7.43865467980504,-1.90115816891193,6.50447928160429,-7.77349856495857
0.342017974466391,5.08952616527677,1.71008987233196,1,-4.27059942111373,1,-3.06924477592111,-6.19139096513391,-5.0040371119976,-4.97747169807553,-2.91064918786287
1.98092428146346,-6.59768276661634,-1.3811487442178,0,7.26007306575775,1,6.10039466246963,3.00485704466701,-5.50407174602151,-2.3709887303412,1.71667877212167
-0.0239207025543964,-3.66451290622354,-0.119603512771982,1,3.21561395004392,1,0.717462409287691,-6.71844928711653,4.9315357208252,-0.607674613595009,5.08074219152331
-0.913342303667317,5.55859378352761,4.56671151833659,1,1.36013467609882,0,2.19552347809076,-2.94775075465441,4.97586941346526,7.30286491662264,1.59915179386735
5.27693790800668,6.69933712109923,-26.3846895400334,1,7.24613535031676,0,-7.51389757916331,4.23148914799094,0.763460367918015,-6.38426919281483,0.241968706250191
-4.85396856151281,-6.68733648955822,-24.2698428075641,1,6.58957775309682,1,-1.45121170580387,-2.40073594450951,-3.30265684053302,-7.42791600897908,0.306055381894112
-1.95786912814987,0.921039469540119,-2.10318951512351,0,-6.75240661948919,0,1.00779198110104,0.54849436879158,2.90706903859973,2.34219640865922,-1.11364020779729
-0.20908910300693,-7.31633328646421,-1.04544551503465,1,-6.91912678256631,1,-5.75840383023024,6.29218716174364,5.49768130481243,-6.95516066625714,6.65281984210014
0.255773071741308,-3.82577431574464,1.27886535870654,1,7.05352800711989,1,0.0993336513638496,-0.837702322751284,6.35772734135389,-2.88876019045711,-2.25884622707963
-1.9827432870313,-4.99257204309106,1.26459929136974,0,-5.32342572510242,0,1.04157097265124,-2.75112861022353,6.65563445538282,-3.80536771193147,-3.0091490149498
-0.199061675609033,1.07867481559515,-0.995308378045166,1,6.59196643903852,1,-7.12428183481097,-7.25017589330673,-2.98038453236222,4.60536689683795,-4.62707538530231
-11.0747755690359,-6.94909600913525,36.1590591263599,0,-5.3069184422493,1,3.34701493754983,-1.7707623206079,5.23661886155605,-5.77692020684481,-0.159764118492603
-1.99797804608222,-0.999223239719868,0.402432748348435,0,-3.22387343272567,0,1.73945018649101,-3.44785414636135,-2.84467334672809,2.64081715047359,6.56213283166289
-0.259943319884415,0.849640496075153,1.29971659942207,1,-7.38355882465839,0,-5.57801401615143,-3.67587270587683,-2.49912913516164,6.52123876661062,5.01743131503463
-0.167054346207872,0.643212698400021,-0.835271731039358,1,-1.58717424049973,1,0.350590400397778,1.21934793889523,-1.46619423106313,-3.13153107464314,3.7491165548563
-1.96949042602537,-3.9281163290143,-1.79741448931344,0,1.80510661751032,0,4.69299973919988,2.07178533822298,-5.76602629944682,3.57618342712522,-1.98962645977736
-2.18883990006698,-5.35714043304324,-10.9441995003349,1,-4.0575266815722,1,-1.45882984623313,-2.986094199121,5.68813059851527,-2.17436765134335,0.198677632957697
8.7702497403352,3.64449724555016,43.851248701676,1,-7.63155028223991,1,-2.94620900973678,3.01948508992791,-4.53510665521026,-1.07814327999949,-0.0245863758027554
1.99602969450034,-4.70147423446178,-0.630103602565528,0,-3.45257316529751,1,-0.0843581035733223,0.518271315842867,-2.92048224434257,3.6618868932128,-5.81156317517161
-0.962566215938016,1.38344841822982,4.81283107969008,1,5.00628293678164,0,2.38288006559014,4.15991133451462,0.662368670105934,-3.79523402452469,-0.788565807044506
1.97923674004937,6.61673564091325,-1.44094621518757,0,3.50269416347146,1,2.39779949560761,2.39749158918858,-1.11457039415836,4.30354592576623,-2.98661107569933
1.99998086743603,-4.6885343901813,0.0437407864206532,0,0.473227899521589,1,0.036841344088316,-0.0498498938977718,-2.16155045479536,0.163635239005089,3.74102187901735
1.99691248290504,5.30907451733947,0.555654307547372,0,-5.05060409754515,1,2.1696088463068,-0.874927673488855,4.59325232356787,2.93144272640347,5.27565914019942
1.98459485189497,-3.0574600584805,-1.24117477032952,0,2.74595405906439,1,-2.1947615519166,-2.87076357007027,5.91338049992919,-0.885766681283712,0.713651858270168
0.07567475849629,-4.98524030670524,-0.378373792481451,1,-1.20759487524629,0,-2.67181690037251,2.64842093735933,4.51096199452877,2.05843510106206,-5.440215844661
-1.99714288478437,0.303115479648113,-0.58685335200882,0,0.986646812409163,0,-7.34051247313619,-7.87682792544365,0.0949098989367485,2.56162395328283,-4.36501545831561
-0.427717189577789,-5.05543007329106,2.13858594788894,1,-0.915385905653238,0,5.99943557009101,-1.53635625913739,4.59547440707684,-7.40104997158051,-3.4607213139534
0.180515859771724,-4.41155026480556,-0.902579298858622,1,6.92909057810903,0,0.297040149569511,5.54793586581945,-7.75173101574183,4.51255309209228,-4.99961953237653
-1.99955075251245,7.32137358933687,0.167772240552235,0,-0.615473791956902,0,-0.233135838061571,-1.99826156720519,0.312974445521832,0.760309681296349,4.53179667145014
-0.367277533796359,-4.910170648247,1.8363876689818,1,2.06373563036323,0,-5.90334679931402,5.46852478384972,4.9777161590755,-1.01190228015184,-0.551028683781624
0.568148469809238,7.54994676634669,-2.84074234904619,1,1.15186434611678,0,-0.864173874258995,-1.60469314083457,4.43444583564997,-6.7511636056006,2.37654907628894
-1.99553062929558,6.89155499637127,-0.720400679028831,0,2.94550817832351,0,-4.52421463653445,3.75226243212819,7.53149987384677,5.35163986682892,-7.42869908735156
-0.0268455736397177,-4.50339621305466,-0.134227868198589,1,7.11711488291621,1,5.24116863682866,3.81683065742254,1.80093261599541,0.484865989536047,-3.61226022616029
-1.78466444829261,-2.25197031348944,4.59069554816295,0,-7.45937376096845,0,4.83697341755033,-2.77715152129531,-3.08711446449161,7.11873654276133,1.55068800970912
0.108980869128636,-6.45750363916159,-0.544904345643182,1,-2.78599628433585,0,5.43058115243912,4.7071277834475,-3.78516459465027,-3.93024592846632,7.21272634342313
1.99546328157525,5.87692097201943,-0.6735516628106,0,4.87467010691762,1,7.37786248698831,4.97564385831356,2.28848734498024,4.15229851379991,-6.16478103026748
-0.0219315340723139,7.9303738437593,0.10965767036157,1,-4.58653461933136,0,-4.13192698732018,7.8438527546823,7.43063154444098,-0.672205828130245,-6.13003929331899
1.91099648624438,1.15382647886872,2.98334566813206,0,-1.68651112169027,1,4.81797856464982,5.87825219705701,-1.58833201602101,6.31340642645955,2.11621686816216
-0.180763088352989,1.45295889675617,-0.903815441764944,1,4.57444095239043,1,-5.42674447596073,-5.39635123685002,-7.50031418353319,-6.09627152234316,6.74504023790359
-1.99686311626008,3.20530750602484,0.512306299085996,0,-7.64917095005512,0,-3.31307184323668,1.45773524791002,-5.98026178404689,3.97996662184596,7.76872474327683
1.99950104227227,1.18514614924788,-0.223373617002285,0,2.37124115228653,1,-4.15659442171454,-4.16574198007584,4.81747282296419,-1.04441288486123,4.67563223838806
1.99544642295488,-5.38749679177999,0.674801974294942,0,1.19976913556457,1,1.61187326163054,-0.285083699971437,-3.05682406201959,5.29767413809896,7.85070930421352
0.180767001016178,0.485516898334026,-0.903835005080893,1,1.49122248589993,0,-6.08252444118261,3.8441700451076,2.13919208198786,6.97078731656075,-7.71245556697249
-0.58988506591977,-0.0127380080521107,-2.94942532959885,1,1.48581428825855,1,1.88275360688567,-7.55970355123281,-0.986450716853142,-3.71799748018384,1.26058369502425
-0.742184796543109,6.71949713304639,3.71092398271555,1,3.56377363577485,0,-7.40095774829388,7.18806768581271,0.14537862688303,7.45619094744325,2.00925456359982
1.99782153777908,-0.759586181491613,-0.466739994100016,0,4.03577421605587,1,2.01215445622802,6.97252057492733,-2.41945803537965,2.83221807703376,-6.06808525696397
0.342245105687467,-1.21632163971663,-1.71122552843733,1,-6.73623594269156,0,1.95120797678828,6.24036114290357,-3.67252155020833,-7.89741374924779,4.61506307497621
-1.99620767352477,-6.76726289466023,0.567845164683293,0,3.66643785312772,0,-0.250901620835066,1.60631528869271,1.87505098804832,3.2624353133142,5.74529029428959
0.315664732263359,6.84434235095978,1.57832366131679,1,5.69881729781628,1,-0.9230100736022,-2.88003898784518,-1.64434018731117,-7.21550352871418,-4.57162475958467
-0.17259694685923,-2.99056726321578,-0.86298473429615,1,3.39679578319192,1,-5.98197254538536,2.45799542963505,-6.64276654645801,-6.81546023860574,7.8975443802774
-96.5045578413342,-1.39711421728134,99.2494623871254,0,2.80089640617371,1,3.83586960658431,-4.01899839192629,7.43224117904902,-6.75712936371565,-0.0680822767317295
-1.69394519667391,-1.6834261380136,-5.58244795118845,0,7.62365957349539,0,3.3989197537303,5.47869129106402,5.44919012859464,7.56283893436193,-1.3547531478107
1.99205641670745,3.09234904870391,0.891267821283091,0,5.26843577250838,1,-0.0105918422341347,7.28152219578624,-0.618184186518192,-6.38519432395697,-7.16417015343904
1.99967675252,1.47508518025279,-0.179790845151928,0,7.15650314837694,1,-3.57635773718357,-0.727012578397989,-5.14305471256375,-1.39209547266364,7.74286071956158
-1.97860815592284,-5.58902901038527,-1.5134494892944,0,-3.60404371842742,0,2.54063949733973,7.01705652847886,-2.39505798742175,7.69913541898131,-5.08714395388961
1.95368725757649,-2.52121301367879,-2.15203955408605,0,1.18605151027441,1,-6.09763760492206,-5.08161665126681,-1.24623465165496,-7.560497764498,3.51317788287997
1.5975147353842,1.08289763331413,6.34417263806559,0,-7.47612864151597,1,-3.04117287695408,1.35891473665833,-4.96202228218317,5.52119690552354,0.870278477668762
-0.0817110144496969,4.1590295471251,-0.408555072248486,1,-0.899800922721624,1,1.93306915834546,-1.60803717002273,2.86951619014144,2.29856939986348,-5.62609438970685
0.0816674765481107,6.16096039488912,-0.408337382740554,1,-2.97625962644815,0,-5.30399291962385,7.28798770904541,-3.03846554458141,-0.698268450796604,1.71002822741866
1.98475986325883,3.81927587464452,-1.23450948725279,0,-4.35853881761432,1,-0.9228625446558,-5.54375979304314,4.66762426495552,5.59896435216069,-4.53537571802735
2.294491058957,-1.03840918838978,-11.472455294785,1,-5.08409762009978,0,4.50807148963213,-0.0509799793362617,-0.537408601492643,5.38930458202958,-0.469760347157717
-0.016409238470442,-7.67251276224852,-0.0820461923522087,1,5.3266104310751,1,-2.61187510564923,3.88722395896912,-7.01647881790996,-0.483257316052914,5.89006390422583
1.96975132942362,6.40259396284819,-1.73921449443075,0,7.79014551267028,1,4.42731981724501,-4.69268736243248,-6.60358485579491,7.81009784713387,-4.49058921262622
-0.0302161244315735,-5.99938761070371,0.151080622157868,1,-4.96491307765245,0,-6.08540512621403,-1.51037715002894,-5.16277633607388,0.739523556083441,4.8948935046792
0.212772043290199,7.94890000671148,1.063860216451,1,-2.56588160991669,1,-7.33624665439129,-0.322910707443953,5.97468745335937,3.80746979266405,3.57891923561692
3.8167352761506,-6.96603435650468,19.083676380753,1,-0.624745067209005,1,-2.91347070783377,-0.797510351985693,-1.36058141291142,5.7270211391151,0.300100516527891
1.98716172237218,5.23014852404594,1.13306123523069,0,-1.36606411635876,1,4.95738706737757,0.509599838405848,0.623442951589823,7.39352532848716,6.52526544779539
1.99999885800921,-2.30396218970418,0.0106863968924823,0,5.53568727895617,1,5.20423332229257,-2.03194137662649,-6.50504352897406,-0.0815579667687416,-7.63194251433015
1.97255980732498,-1.57072527334094,1.65650815497599,0,5.69766644388437,1,-7.3906626291573,-7.04910986497998,6.85667853802443,-5.99060486629605,-3.61640529707074
-1.09289863120182,7.47338929772377,5.46449315600912,1,-0.774603940546513,0,5.10890631005168,5.84849851951003,1.30935530364513,-4.11236784979701,-0.752561625093222
-3.19362934921319,0.614877827465534,-15.9681467460659,1,3.7197626195848,1,-0.29152424633503,-1.08934210240841,5.42431096360087,-5.75644844025373,0.360495712608099
-0.107340357317624,2.08737650513649,-0.536701786588121,1,2.81546399742365,1,-4.37680469453335,-6.29630257189274,-1.46214687079191,0.247402470558882,-0.460968226194382
-1.97058920515264,-2.68529122695327,-1.76568630137808,0,3.99276079982519,0,-2.45650258660316,-2.59597358107567,6.74201291427016,5.71565492078662,-3.23707269877195
-0.234212923232506,-6.35325418785214,-1.17106461616253,1,7.34758127480745,1,-5.71442522108555,-1.10668842494488,7.66849265992641,6.48320346698165,-5.5361620336771
-1.94633541593694,7.76514914259315,-9.73167707968468,1,7.93243376538157,1,-0.815164431929588,3.01421120762825,-6.54733840376139,5.01979813352227,-0.51582045853138
1.99580619084945,2.71052607521415,0.647596259296752,0,7.68566307425499,1,-6.69302502274513,-6.98718460276723,-7.04636447131634,1.51507530733943,2.33953684195876
1.76754731932519,-7.97529124468565,4.82133467698323,0,1.05546460673213,1,5.81620195880532,-3.23791602998972,3.50243652239442,4.92601868137717,1.02171266078949
-0.213309544537897,-2.14580601081252,1.06654772268948,1,6.65600887313485,0,0.652489852160215,-0.17456854134798,-1.65866837278008,3.51433489844203,3.29505639895797
0.916636669619627,0.515753325074911,-4.58318334809813,1,7.54594192653894,0,-6.32480255514383,2.96280333399773,-2.26011489331722,2.98291522264481,-0.650839164853096
1.93275662507124,0.88516429439187,-2.5931327565083,0,7.41484274342656,1,6.13784058019519,-0.0628798492252827,-6.35230264812708,7.88994724303484,-3.04263143613935
-1.98160115029348,0.70159924402833,1.30734482378363,0,1.60229513421655,0,-1.67490502819419,3.26594058051705,-0.29895330965519,-2.89940936118364,-2.21778471022844
1.93089528331605,0.796215042471886,9.65447641658023,1,-4.86307458952069,1,-6.00740882754326,2.28607039526105,-4.91971654444933,-1.9661913216114,-0.203655924648046
1.96708548339532,1.35218170285225,-1.81423583375142,0,-6.84352751076221,1,7.9146344922483,-1.76003178209066,-3.60916385799646,5.26159767434001,-2.9001729413867
1.97946913605006,-6.99690052121878,-1.43285951683828,0,-1.47768372669816,1,6.81922838464379,0.115883227437735,6.90951139479876,-4.42573419585824,3.08874257653952
-6.88825232829175,-7.04579193517566,34.4412616414588,1,-7.79255460947752,0,-6.88539359718561,-0.27762259170413,1.36251326277852,7.48286591097713,0.217264570295811
1.96789366806757,6.35764515027404,1.79182398500609,0,7.82903902977705,1,5.99061913043261,3.90217067673802,-6.80473485961556,6.26695723831654,3.49752949550748
-0.987123924732479,1.36941713839769,-4.93561962366239,1,3.87282671034336,1,-3.75256304442883,7.86206743121147,0.596784826368093,6.28140217810869,-1.27266739681363
-1.98637395531509,5.19905416294932,1.11837685208639,0,4.86906742304564,0,1.9903074875474,-0.0750021636486053,6.45251966640353,-6.41154213994741,-5.73289953917265
1.95952215084495,1.19087839499116,2.01191076231147,0,-5.45861065760255,1,-0.261964615434408,7.02708150446415,-7.72783983126283,-6.66131131723523,-3.31093776226044
-0.468922634841993,-2.63419890403748,2.34461317420997,1,5.08592667430639,0,0.378368221223354,0.642848361283541,-2.38605616986752,7.1501052454114,3.04958844557405
-1.9833573059425,6.3346652276814,1.24103423879833,0,0.267834283411503,0,1.26786259934306,7.03997781127691,4.84825426712632,2.91986160352826,2.35276474431157
-1.77462994003135,-6.89836128428578,8.87314970015675,1,6.32071759924293,0,5.7717744037509,6.64956329390407,3.94116723909974,-3.5104634091258,-0.395627655088902
0.00628259559736843,3.19508818536997,0.0314129779868417,1,7.39551153033972,1,-3.24942358955741,0.370719742029905,0.981484808027744,0.0788057073950768,2.50869902968407
-2.00001522037695,-7.12492401897907,-0.0187276111473037,0,4.24670712649822,0,-3.35475992783904,4.79913084954023,-5.8619085252285,0.0828962437808514,-4.42641846463084
-1.99685009923294,5.88275358080864,0.513462577911031,0,2.1723672747612,0,-1.67828545346856,-4.79174122586846,-5.35104498267174,0.555263295769691,1.08140947297215
0.204489871396362,5.16651638224721,1.02244935698181,1,7.25473915040493,1,-3.06839962303638,6.87278028950095,5.01162906736135,7.73567626997828,7.56582828983665
0.039692398412098,-5.29348946362734,0.198461992060487,1,-1.80769835412502,1,5.77360590547323,3.456672295928,-5.83431607112288,-1.15764963999391,-5.83310500904918
1.99183986183972,5.05482471734285,-0.903334830518704,0,-4.01513198018074,1,-1.16445001959801,4.22133516520262,5.82837784290314,-3.32433217391372,3.68006641790271
1.93545014082265,-0.792046699672937,-2.54066643181171,0,-7.56574130058289,1,-1.14746114239097,0.42128175124526,-4.07967834547162,-6.35495076328516,2.50129284337163
0.0449077311093209,-3.96815617755055,-0.224538655546604,1,-2.37842473387718,0,-1.49212705716491,-3.07515144720674,-6.7910974919796,-1.35999777168036,6.05685363337398
1.99380391101373,1.21641943976283,0.787152398603354,0,-4.61332144960761,1,1.58892162516713,7.9972998984158,-7.09378543123603,2.07655968144536,2.63806562125683
1.93069380277508,2.93813297152519,2.63260702014032,0,-2.97361583635211,1,1.16445190832019,0.528596095740795,5.52494617179036,-7.32384203374386,-2.78197314590216
1.86352221395215,1.71636014059186,-3.69429000009277,0,-3.48101249337196,1,2.30621114745736,-7.57302072271705,0.876597601920366,6.58830291032791,-1.78337458893657
-1.9901492654856,2.7642511986196,0.943767302460583,0,-3.29337016865611,0,5.35516414046288,-7.26347766071558,-1.60423319786787,-6.71057665348053,-7.11041443794966
-0.427579407886095,-4.097611438483,2.13789703943047,1,4.0492378808558,0,2.52813742682338,-1.28587241470814,6.93593350425363,7.18623009696603,3.36135462298989
0.330076935198786,7.24678531289101,1.65038467599393,1,-1.26576532050967,1,0.696467190980911,1.32224255800247,6.77508598938584,-5.58321513608098,-3.38297805190086
-0.092889640717803,6.88724493980408,0.464448203589015,1,2.9698316603899,0,3.02110109478235,6.8969241194427,1.2235863879323,2.94979527592659,6.35118244215846
0.126512156836171,3.19296293705702,0.632560784180853,1,7.20342238619924,1,-7.24111832678318,-0.814464073628187,-3.3726615048945,3.51428412646055,5.55564653128386
0.419135744229189,-3.67446477338672,-2.09567872114595,1,0.0891266018152237,0,0.348550513386726,-7.71312357112765,3.21531090885401,-4.30769225955009,2.05551176145673
0.331023109471554,7.57365261763334,-1.65511554735777,1,-4.96708396822214,0,4.84364934265614,5.52753954380751,1.4540152028203,-6.46448528021574,3.90576071292162
-1.9945212077542,-7.148318387568,-0.791875477812569,0,1.14431011676788,0,-4.17178598791361,-1.63892164453864,-6.89584304019809,-3.52094312384725,4.44633433222771
-1.99988115406046,1.57938812673092,0.0699357909627554,0,2.77429598197341,0,7.53410216420889,3.26983574777842,-3.9577235840261,0.535849630832672,7.66202288493514
1.99670981960032,2.50141302496195,-0.573600941393975,0,-1.81398085877299,1,-0.371736209839582,2.09337363019586,-7.00995757058263,-3.67269091308117,6.40286765247583
0.042081304762889,4.36264163628221,-0.210406523814445,1,7.46732309833169,0,-7.89870377257466,5.89538145810366,2.73962348327041,1.26554230600595,-6.01474841684103
-0.100508040018154,3.94932091981173,0.50254020009077,1,0.192913342267275,0,-5.31731306388974,-1.3907727226615,-5.03982718661427,3.62979327142239,7.22289136424661
-1.99317898106677,5.46569553017616,0.777406727868856,0,-7.40987163037062,0,6.79769041761756,7.83749257773161,5.84795776754618,-1.5350353308022,-1.97455884516239
-0.100941238979427,5.23916231095791,0.504706194897136,1,1.71301912888885,0,0.595270995050669,-5.18836415559053,4.23306826874614,-1.49106950312853,-2.95433168485761
-0.622369598212015,-0.49825681746006,3.11184799106007,1,5.0656583160162,0,3.06732217594981,-4.80399366095662,4.21655379980803,4.50915485993028,1.44902799651027
1.90097128945665,-5.24787544459105,-3.14688275192061,0,2.7734609991312,1,-2.17668457329273,-0.7783297970891,-4.98859748616815,7.97054608538747,-2.53283859416842
-1.99284179140115,7.72736772149801,0.797538117068911,0,-5.49566140398383,0,4.08942477405071,-0.662819147109985,-5.6850910410285,2.31079743057489,2.89741315320134
0.164110849857865,-1.56871011853218,0.820554249289326,1,7.45915630459785,1,-0.75357861071825,6.55420609936118,3.38851398229599,-1.6921989955008,-2.06226339936256
1.99961517587165,4.25858471170068,0.196169347338581,0,6.78402921557426,1,-3.43398203328252,-0.368440840393305,6.22694975137711,-0.252667512744665,-1.2880071029067
-0.0322931246921789,-6.52772840484977,0.161465623460896,1,-5.87097635865211,0,-5.82617288455367,-6.57958492264152,-1.38516372442245,0.941844057291746,5.83309336751699
-0.028001275477092,6.32650496438146,0.14000637738546,1,4.618089992553,0,5.24251245707273,-3.52008180320263,-2.92967419698834,0.938821330666542,6.70556119084358
-0.074596477205672,4.81405790150166,-0.37298238602836,1,6.87788537889719,1,-1.78305392712355,6.7430666461587,2.38993971794844,-1.31064016371965,3.51394653692842
-1.98327187522363,2.06940219178796,-1.34433862556785,0,2.32190234959126,0,4.69630479440093,7.3566910661757,1.557159435004,-6.3194486387074,4.70078633353114
-1.99547554648786,2.17545637860894,-0.724496368570169,0,3.9848470389843,0,-5.79335965961218,5.11447101831436,-5.6100089661777,-3.83592365682125,5.29460715502501
-1.96534582010925,6.42912851274014,1.81223467615526,0,-0.6612892113626,0,0.0983750857412815,-5.22302721813321,6.4853342846036,7.2225668951869,3.9854479059577
1.93514488620717,5.11326712369919,2.54666671931816,0,-7.02186541259289,1,-2.52009311690927,-6.2703762203455,-5.25900352373719,4.82658815383911,1.89525708928704
-1.98769378855686,-0.0170502029359341,-1.16045987965096,0,-7.46542309224606,0,5.66833672299981,-1.27172856777906,2.06948189437389,1.89365034550428,-1.63181026652455
0.354354821817755,3.65595680102706,1.77177410908878,1,-1.74604918807745,1,3.2139359973371,-6.93265959247947,-0.663666982203722,-3.21762921661139,-1.81604934856296
-0.0063248498745514,4.49529327452183,0.0316242493727575,1,-4.98902413621545,0,4.13998818770051,2.16302677989006,-2.71054783836007,0.19457484036684,6.15271015837789
1.99999995101337,-3.65210157632828,-0.00221329242124424,0,-3.76700375601649,1,1.51996244862676,0.220419216901064,-1.3226097933948,0.0151327103376389,-6.83719430491328
-1.99302426663207,3.43329511582851,-0.886703852502553,0,-4.78986654803157,0,-0.42337129637599,1.11752723529935,2.71019028872252,-2.07532886788249,2.34049830958247
-1.99916386190144,1.14063187688589,0.243451546009952,0,-5.19344215467572,0,5.04806119948626,1.80281094834208,-7.41073370724916,-1.77571718767285,-7.29392446577549
0.206289986302717,6.26394728943706,1.03144993151359,1,6.3399087227881,1,6.72632197290659,-0.605157297104597,-2.65715244784951,-3.85590935125947,-3.73833885043859
0.208292381463081,-7.54929342120886,-1.0414619073154,1,-7.00738898292184,0,2.99542064219713,6.11567896604538,3.27032565698028,-7.9625837020576,7.64558323845267
70.2512409076977,2.86396637931466,84.9507446483251,0,-1.42188658192754,0,3.40579848363996,-1.52401223778725,-1.67758901044726,5.96510244905949,0.0702183656394482
-233.375003436309,3.0799835883081,153.41936104557,0,-3.0301270596683,1,0.713358018547297,-0.239624213427305,-7.59030121192336,3.87926826626062,0.0252853892743587
1.67023946202316,1.13664206117392,-8.35119731011579,1,-1.10862968116999,0,-1.29022874310613,0.132767144590616,7.47600134834647,1.00686211138964,-0.120565000921488
0.0592257591353231,5.33923593908548,0.296128795676614,1,-2.69359092786908,1,5.45498057827353,2.60628790780902,-2.57623784244061,1.00282748043537,3.38645716011524
-0.165352512723179,-3.2830622792244,0.826762563615893,1,-4.18827388063073,0,-6.95342089608312,-3.38033095002174,6.0293013677001,-6.02503770589828,-7.28750668093562
1.98599842322278,-4.95061633363366,-1.1832825857429,0,-2.02973772957921,1,6.13302147388458,6.42150073871017,0.351718675345182,-4.85266406089067,4.10101874172688
2.16992014332309,-5.29447169601917,-20.4704435390691,0,-0.148844219744205,0,3.59321411326528,-2.99771300330758,1.24677594378591,4.87937173247337,-0.238361798226833
1.9905729208033,-7.73858065158129,0.97093147012019,0,-7.68566228821874,1,-6.70642565190792,6.06621014326811,-4.13856521621346,6.61719223856926,6.81530307978392
-0.810093026543611,-6.1653806231916,-10.9584003110281,0,-7.52780980244279,0,-6.39261414110661,5.05625358596444,-6.52894641831517,4.5142460539937,-0.411943890154362
0.335059006453709,-6.97758520022035,-1.67529503226854,1,2.72920623421669,0,5.02149000018835,4.72999223694205,-6.71706572920084,-6.34698807448149,3.78857929632068
1.99894673742683,4.88711185380816,-0.324540070433658,0,5.19277527555823,1,-6.0419535189867,6.90390564128757,7.35919005423784,-1.15453713014722,3.55745633691549
-17.314559811338,-5.87473862245679,-43.9483330870899,0,4.35635786131024,1,4.50725438445807,2.03199339285493,-2.47981654107571,-7.39669891819358,0.168304424732924
0.499769554360494,-6.55632945150137,2.49884777180247,1,4.26825603470206,1,-4.7674914970994,-5.33318663388491,5.02077843993902,-4.19784083217382,-1.67991058900952
-0.187251626716927,6.28310640528798,-0.936258133584637,1,4.56210908666253,1,5.23010873794556,2.37407967448235,-0.703401062637568,-4.06293300166726,4.33954361081123
-1.99023829164047,3.74152508750558,0.939277936655455,0,6.68458522856236,0,-7.65365708619356,-0.459928918629885,-6.51916395127773,-5.32884687185287,-5.67334402725101
-1.92376344481549,0.0222254693508148,-2.8115494778206,0,4.47311393171549,0,-5.09236576408148,6.1670113876462,-5.15643629804254,-6.1097578778863,2.17309278249741
1.67771213999529,-3.57426556944847,-5.67704025003091,0,-1.27057157829404,1,-0.215516019612551,4.22634315863252,5.12552244216204,2.90075866132975,-0.510963201522827
0.242454691949447,-6.27366216853261,-1.21227345974723,1,1.27132296934724,0,7.87200536206365,5.83702212199569,-6.60236795991659,4.56227001920342,-3.76340006664395
1.99930528152283,5.55242051929235,-0.263575127272669,0,4.76318903267384,1,-5.06007299572229,1.97361736744642,4.32376002892852,1.30153428018093,-4.9380011446774
-0.0206905196662921,3.37266749516129,0.10345259833146,1,6.86392666399479,0,-7.92416197061539,-0.392407145351171,-6.14206720516086,0.548038266599178,5.2974818944931
0.205431349669581,4.88402550294995,1.0271567483479,1,-6.186986759305,1,-6.10950244218111,6.94235223159194,3.96183636039495,-5.53393219411373,-5.38762190192938
1.95115856579338,-7.76780147850513,-2.21000982365724,0,-4.95374035462737,1,0.0438069701194763,2.27665965259075,-3.22271341830492,-2.30930629745126,1.04493033140898
-0.117093518099407,-3.94198076426983,0.585467590497034,1,4.33866425976157,0,-2.7691831253469,-3.49977985024452,3.47963317111135,0.752655018121004,1.28556222468615
1.99927604555759,-1.56088563427329,-0.269064015135702,0,-6.24023038521409,1,0.752134870737791,7.27567432448268,-2.79346051812172,0.0595938749611378,-0.221485860645771
-0.105208638491263,-2.69431319087744,-0.526043192456311,1,2.02511036396027,1,3.38868112489581,-2.69432428106666,3.59079325199127,3.06391501054168,-5.82445520535111
-0.204856775137414,5.87384102120996,1.02428387568707,1,2.11611725017428,0,-0.951972719281912,6.87046480551362,6.75393907725811,-5.26740696653724,-5.14252649247646
-1.98063286123877,-5.20030291005969,1.34255659709871,0,5.86589779704809,0,0.593293756246567,3.04739176854491,3.02782714739442,0.958192836493254,0.713707592338324
1.99962942312072,-2.13922537118196,0.192503734841491,0,2.72527709975839,1,4.3637072853744,-5.37242752686143,-6.41156516596675,1.15356585383415,5.99243362620473
-1.78730945056638,-7.5553210042417,4.56210959793482,0,5.54714040830731,0,3.59120967239141,-2.29840038344264,5.38562841340899,6.75339721888304,1.48032331839204
1.99752401258644,6.46605091914535,-0.497592947454454,0,-4.35715597867966,1,0.789698243141174,6.81951465830207,2.37525814399123,1.20765729248524,-2.42699841037393
-1.98846362829927,5.45721609890461,1.02523819224982,0,-5.86844442784786,0,-4.04868679866195,7.63881411403418,-3.60080771520734,7.5286430940032,7.34331119433045
-1.99404539968522,7.41918309405446,0.723278754058523,0,0.233607444912195,0,-4.50770604982972,-0.547350656241179,-2.5893144980073,-0.457521595060825,-0.632566064596176
-0.258514511640787,1.85540588200092,13.1466302075917,0,2.92333878204226,0,2.26541410759091,-3.10314289107919,1.31064411997795,4.60663379356265,0.350404150784016
1.99989599475889,-6.05701420083642,0.101982959907195,0,2.02831383794546,1,6.73176112398505,-7.0756745710969,0.591890763491392,-0.0182025656104088,-0.178486343473196
0.290168225427872,6.80582794174552,-1.45084112713936,1,7.55345816165209,0,7.00006293132901,2.2277484126389,1.01191049069166,-7.49408750608563,5.16533986106515
0.612131488003551,-6.00637682527304,16.1121672061749,0,2.3665127158165,0,-1.84939759224653,6.43046161532402,-3.94434992596507,-5.85786193236709,-0.363567598164082
1.99007248797701,0.897272557020187,0.996369009102128,0,-3.31754321977496,1,-5.66564187407494,5.24964767694473,0.680595684796572,6.02336235716939,6.04531283304095
0.308528643411645,-5.11617957800627,1.54264321705822,1,4.95417938381433,1,3.66870120540261,0.538523748517036,4.62340400740504,5.20248424634337,3.37244813889265
-0.256072511313111,7.81262490153313,-1.28036255656555,1,4.40540263429284,1,-0.212146565318108,-5.61375884711742,-5.05242179334164,-4.58501152694225,3.58102593943477
-1.9827839800904,3.22404704242945,-1.36305064295316,0,5.19504252448678,0,-3.95931899920106,5.33183167874813,-7.29157914966345,-6.90142719820142,5.06322140991688
1.14337067990416,-3.92491050064564,5.7168533995208,1,0.911090023815632,1,5.24473023787141,5.87437762692571,1.67510709166527,-7.19422845542431,-1.25842451304197
-1.94073872981869,4.7706137932837,2.38487720801916,0,-7.87881138548255,0,-5.68641688302159,7.58009941503406,0.978535998612642,7.79324471950531,3.26777609065175
1.98395471714257,-2.01128738746047,-1.26669976148379,0,-0.557853892445564,1,1.51275798305869,-6.72570834308863,-1.31491520628333,2.15364178642631,-1.70019909366965
1.98912230736152,6.18711828812957,-1.04296177487382,0,7.3280856013298,1,-3.64302513748407,5.75840879976749,0.166422963142395,7.16522434353828,-6.87007378041744
1.99568499856944,-5.8154135197401,0.65688670488572,0,4.23569382354617,1,7.04968922585249,-5.10359910130501,3.76809810101986,1.29756331071258,1.97532283887267
-0.0806431944735522,6.4497454315424,-0.403215972367759,1,2.81289533525705,1,-5.67532836645842,-2.21085185185075,5.6717549264431,3.1741788610816,-7.87215556576848
-0.00726907957899314,6.43757028877735,-0.0363453978949633,1,5.38124635070562,1,6.57509538531303,7.74819397926331,0.796852003782988,-0.105283908545971,2.89676037803292
1.91642455149176,5.74362402036786,2.89094186223526,0,-3.45253339037299,1,3.24832105264068,-0.858618769794703,-1.42084919661283,-6.58907076716423,-2.27921247854829
-1.92067620265212,0.510364007204771,-2.86689185713411,0,-3.03148720040917,0,-3.57406587898731,5.72387466579676,-4.23521383106709,-3.54460259154439,1.23639215156436
-0.458808619695134,5.22144282981753,-2.29404309847567,1,-5.87990878149867,1,-7.03487949818373,-5.41137815639377,3.04421039670706,2.6398590542376,-1.15074518695474
-1.9969536802197,6.96157464757562,-0.604194891739458,0,1.53493200987577,0,3.29697616398335,-4.98777698725462,3.64260873198509,4.2397492416203,-7.01718816161156
1.52532540417312,1.03821258991957,7.62662702086558,1,5.0765491835773,1,-5.37734158709645,-4.71005573123693,2.4845908805728,-7.22980085387826,-0.947968326508999
1.99823507871613,-1.68777872249484,0.420109662334269,0,4.37406962737441,1,-5.17115035280585,-7.63414118438959,2.98626297712326,2.09090039506555,4.97703476622701
1.99935254360064,-5.00427028909326,0.254451645575857,0,2.05728754773736,1,0.173715379089117,3.00427309796214,-3.85849271342158,-1.70237090438604,-6.69035132601857
-1.97084284043051,6.13599298521876,1.65827865319126,0,-6.29211262613535,0,-2.58320195227861,-7.92414770647883,-3.10248546674848,-5.59211491420865,-3.37224078923464
0.226971045691955,-4.25807936117053,-1.13485522845977,1,5.75205104798079,0,-7.3100772537291,-1.88217321410775,-0.534039553254843,4.56747214868665,-4.02471789717674
68.8030792301164,7.10922908037901,-84.1945804732048,0,6.84172179922462,0,5.49041826277971,7.59197329729795,-2.19281646981835,-6.61489632353187,0.0785667710006237
1.99585540380425,2.53144358098507,-0.64378538316341,0,-0.384765397757292,1,-3.09090016409755,3.91700513660908,-0.850383147597313,4.79546231403947,-7.44885242730379
0.217793482736945,-5.44748208671808,1.08896741368473,1,-5.14410169050097,1,-0.29730012267828,6.53052592277527,7.7328299023211,-6.79143576323986,-6.2365830950439
-0.00530432469012188,7.26182952895761,0.026521623450609,1,-1.53917166590691,0,-1.91659973189235,4.75857756659389,5.89693912118673,0.21040865406394,7.93347565829754
0.0141065874228699,-5.51506783813238,-0.0705329371143507,1,7.57969200611115,0,2.52830722182989,-4.57080205157399,0.813170611858368,-0.500579632818699,7.09710460528731
1.99794591564246,7.29590534418821,-0.45322007430654,0,7.80001020431519,1,6.57378170266747,2.26992923393846,1.51252612471581,-1.50596732273698,3.32281690090895
-1.99600123793675,2.43754000589252,0.584331306435932,0,0.553176864981651,0,4.76999747753143,-6.60546458140016,-3.01660262420774,3.68723648786545,6.31018130853772
-8.46722397439244,-7.56733148172498,-42.3361198719622,1,-7.66599146276712,1,-1.62588396295905,-2.47876553237438,1.82915554940701,1.66300052776933,-0.039280891418457
1.93114187868485,-1.23390458896756,2.62408310301242,0,-3.48991538584232,1,-5.77178001776338,7.63778372481465,-3.50586315989494,5.94106248393655,2.26405271887779
-1.99014428217882,-4.76574321463704,0.944017998890496,0,2.43311621248722,0,-3.1938052251935,-6.92678849026561,7.8472114764154,-7.10853621736169,-7.53008547052741
0.504202425462696,1.92076076194644,-2.52101212731348,1,6.84645123034716,0,-3.52298869565129,4.99878195673227,3.62839728221297,5.92724910005927,-2.35113866999745
-1.97917221300312,6.75311693921685,1.394049410404,0,2.39699427038431,0,-3.94247145578265,0.730081215500832,2.58246494829655,-2.34606283903122,-1.68291225656867
1.99955208194229,1.22909623757005,-0.211640746953687,0,0.678952924907207,1,4.5152178183198,-4.07362501323223,2.37794630974531,1.24527767300606,-5.88392212241888
1.97498177426689,-5.70176802203059,1.58171507336542,0,2.71294296905398,1,2.76227619498968,-5.60515653714538,2.26405948773026,7.44076177477837,4.7042364962399
-0.304770025832884,-2.15864341706038,-1.52385012916441,1,7.28706430271268,1,-0.729828007519245,-0.983809165656567,3.56928614526987,-0.955199677497149,0.626833084970713
-1.97510425401771,-7.14704713597894,-1.62863060854311,0,3.38601460307837,0,-2.00492352247238,3.85365567356348,3.24043335020542,-7.34245406463742,4.50836059823632
0.117703628495589,-6.15094459801912,0.588518142477945,1,-2.56206248700619,1,-3.62730741873384,7.02037016674876,-1.99950934574008,3.06609989702702,5.20986470207572
-0.512058684117721,3.61094292253256,2.5602934205886,1,-1.74211229756474,0,-3.30725071951747,4.48308889940381,7.02710297331214,7.17368408292532,2.8018991984427
-0.293991324884637,-5.30965436249971,-1.46995662442318,1,-3.18419564142823,1,-0.457520615309477,5.38769326731563,-3.52274698391557,1.42942231148481,-0.972424823790789
1.99771119944618,7.33518454805017,0.478414104496963,0,6.05201601982117,1,-1.76217544823885,1.98406592011452,5.3095463886857,3.22059078887105,6.7318056859076
-0.0257584648211946,-7.03264969959855,-0.128792324105974,1,-1.37988161668181,1,-7.60221507772803,-5.92350185662508,-7.07608191296458,-0.595449417829514,4.62333001568913
1.99908363831008,7.57559101656079,0.302714665968096,0,-7.88706542551517,1,5.70583454892039,-5.60625981166959,2.11972379684448,-2.25188006460667,-7.43895264342427
-0.0455926214283653,-0.124974273145199,0.227963107141827,1,-6.69474095478654,0,-5.76287039741874,1.93766904249787,3.88502242416143,1.75714397802949,7.70801907405257
0.267152980205282,3.24673770740628,-1.33576490102641,1,-4.63605617359281,0,7.06463113799691,-4.39866710454226,-3.67015455290675,7.79803159832954,-5.83787730336189
-0.0964584981340058,3.58129873871803,0.482292490670029,1,2.72966390475631,0,0.961282320320606,5.61523121222854,7.62965982407331,-2.84084710478783,-5.89029926806688
-1.95393733623688,4.22615342214704,2.09680375822103,0,-0.758713338524103,0,-3.83878890797496,-3.01544159650803,2.23157734051347,-0.256528254598379,-0.122342519462109
0.398582753969924,6.0708322674036,1.99291376984962,1,-1.15212121233344,1,-7.36198353767395,4.5842566639185,-7.41851732879877,7.98402235656977,4.00620562583208
-1.36239836666387,3.39667411148548,7.93515268067009,0,1.03721453994513,0,0.130982723087072,0.936369244009256,0.900255143642426,7.53433306887746,0.94948810338974
0.217743138667515,-4.07987212762237,-1.08871569333758,1,-7.2564143538475,0,-0.0561536625027657,4.94686985015869,3.81317502260208,-7.93022333085537,7.28401673585176
-2.00002498543678,-0.115444026887417,-0.0487932185058095,0,2.52487751841545,0,-2.0336129181087,7.85241671651602,-7.46948334574699,0.158313728868961,-3.244584672153
0.224246463659397,4.1223800778389,-1.12123231829698,1,3.25972006842494,0,1.12429609522223,-3.49538061395288,-6.65240597724915,6.93749496713281,-6.18738405406475
-1.99647065025466,-7.99402434378862,0.546183675165915,0,3.81918582320213,0,7.49396139755845,-5.14221297577024,-7.0135261900723,3.36022279411554,6.15218459814787
-0.268892303972476,-6.6586641035974,1.34446151986238,1,0.874041359871626,0,-6.69133925810456,3.53772249445319,-2.35741638764739,7.90721544250846,5.88132521882653
0.0905759215024835,4.42532528564334,0.452879607512416,1,-6.94862319529057,1,3.56257145851851,-7.75185989588499,-7.41798335313797,-3.47415732219815,-7.67126023024321
0.00376714646839726,-3.30363766103983,-0.018835732341985,1,1.15914658084512,0,4.55052572488785,7.59896923601627,-0.859693918377161,0.150307200849056,-7.97989683225751
1.99120279199474,-2.43496351316571,0.937934326339479,0,0.0489616207778454,1,-7.40021232515574,-0.766669925302267,6.7423138320446,-5.17413773015141,-5.51652454212308
-1.97112483977503,2.38588209450245,1.65000471249253,0,-0.720981407910585,0,-4.77981540560722,-7.2238181270659,1.64395942166448,5.39264549314976,3.26826066151261
0.214199488461255,5.49965907260776,-1.07099744230628,1,3.19870651885867,0,-2.68632391095161,-4.78934222832322,3.70917899161577,-7.63636525720358,7.13014331832528
1.98964475028674,-6.8948048427701,-1.01760747409123,0,-1.46997077390552,1,1.07143688946962,-6.31740209460258,-2.3899631164968,-2.34071533754468,2.30021437257528
-0.148489097294188,-3.7545853741467,-0.742445486470941,1,6.52217231318355,1,-7.82510055601597,-7.76142008602619,-7.84999636188149,-3.72882650047541,5.02235728874803
1.98411484813828,3.36512469872832,-1.26036311679309,0,-4.29554742202163,1,-6.635168466717,6.91608271375299,4.01751482114196,5.98782240599394,-4.75087086111307
0.122369103968456,-7.18289859592915,-0.61184551984228,1,-0.723356362432241,0,-0.592550553381443,-4.94439565390348,2.8761818036437,4.26290563866496,-6.9672907628119
-1.99379509148205,-2.63230680301785,-0.839297695292853,0,4.65673033893108,0,-0.801380157470703,7.52652685344219,-2.63549486547709,5.65298452228308,-6.73537477105856
1.98469642808816,6.295659519732,-1.23707606523759,0,7.12170086801052,1,4.14836065471172,-2.3302616328001,0.40716765075922,-5.83694403246045,4.71833882853389
-1.99564576581644,-4.35152247548103,-0.711757824552367,0,4.44298258423805,0,5.88962104544044,6.91729262471199,1.25211681053042,-5.62189374491572,7.8986047655344
-1.93284981090108,1.15142951533198,-2.64181768453961,0,-1.77355706319213,0,-5.03152024000883,-5.83699417486787,-1.61800216510892,-6.02985910698771,2.28246602416039
1.6047509569236,-4.94327616691589,-6.28688351312795,0,5.69744296744466,1,4.14690271392465,5.66714308410883,5.38676636666059,-6.51878299191594,1.0368862375617
0.0830744947231836,7.9962118268013,0.415372473615919,1,-0.318371515721083,1,-6.40268061682582,4.20638879016042,-4.34751430898905,-2.71416074410081,-6.53428167849779
-0.116458844455612,0.029594287276268,-0.582294222278061,1,-5.65317960828543,1,-4.46255570277572,2.24628416448832,5.36049347370863,2.80043754354119,-4.8093170709908
-1.99752283733857,5.12095218151808,0.450216219392379,0,1.018300794065,0,6.32644605636597,5.08745363727212,-6.36454357206821,1.011494923383,2.24668699130416
-1.99528645376454,2.19357366859913,-0.738370992667215,0,-5.44204750284553,0,4.86047299206257,0.0386279597878456,1.24605703353882,-5.71210997924209,7.73609748482704
1.99635719461454,5.64475756138563,-0.603556574436661,0,-3.07680123671889,1,-5.32215861976147,-2.03737151995301,4.89326371997595,-3.03294387459755,5.02511943876743
0.230071021347368,2.99369236454368,1.15035510673684,1,4.64082661271095,1,7.7570354603231,6.25169720873237,4.56093170121312,6.70774529874325,5.83102144673467
-1.9881736909579,4.44022750109434,-1.13863717748866,0,4.20776318386197,0,5.08806072548032,-6.89239588752389,-3.48813140019774,6.19702719151974,-5.44249504059553
19.9679572367269,-5.65359641611576,-99.8397861836343,1,5.45243733376265,0,-0.906869396567345,-6.81606450304389,5.9796981997788,3.21681061387062,-0.0322197265923023
-1.99605262030325,-3.62999188527465,0.580268172824015,0,-6.57303102314472,0,1.35608275234699,3.58081873133779,-0.841817352920771,1.8415750041604,3.17366192117333
1.99459333462816,-3.83326242119074,0.735300304082515,0,-2.84188856929541,1,6.18403825163841,7.25520082563162,-2.52807888388634,3.47648427635431,4.72797883674502
1.99998653188154,-2.3115010112524,0.036698935212447,0,-0.0360230430960655,1,4.97355749830604,-4.85903573781252,3.54144677147269,-0.230011995881796,-6.26753867790103
-1.95550818534615,-3.82510894164443,2.05990081885026,0,-5.0209480561316,0,3.88439438864589,-1.02239870280027,-5.65283263102174,2.01498262584209,0.978194002062082
-1.96912642644153,5.68620958924294,-1.80779900894475,0,-3.28941658139229,0,5.471356485039,-4.74731681123376,3.25880271941423,-5.83844870328903,3.22958950325847
-1.99187694010754,3.75774800404906,-0.95266604524902,0,1.95460465922952,0,-1.49432488158345,6.81060043349862,-5.08799428492785,2.49857641384006,-2.62272012978792
1.99069539061913,5.66900176927447,0.964604031759422,0,-3.32537535578012,1,5.96541124209762,0.948245234787464,-2.44786616042256,-5.20433266833425,-5.39530470222235
-1.93181185447962,3.74888860061765,-2.66176464330875,0,-6.25578613206744,0,6.49946347251534,-1.99908092617989,-0.823170110583305,6.26876446604729,-2.35511598736048
0.242466436408225,3.52070360630751,-1.21233218204112,1,6.00360762700438,0,6.26843817159534,-5.36806328594685,-3.28978544846177,2.84067745879292,-2.34315107762814
-1.99631922198479,7.73342839628458,-0.658751017675901,0,3.07799699902534,0,-7.86712570860982,7.52615924924612,6.60014378279448,0.653538636863232,-0.992087479680777
-0.0741346387548687,-5.40916216373444,0.370673193774343,1,5.65840976685286,0,1.85850251466036,-1.8541201800108,1.63770117983222,-2.08308136835694,-5.61972487717867
-0.10257029398151,4.25887805595994,-0.512851469907554,1,7.26275516673923,1,-0.724490649998188,-0.230344075709581,-1.29314424097538,2.69187148660421,-5.24883254617453
-0.284229757755449,7.26350755989552,1.42114878877725,1,7.11970346421003,0,1.09099669381976,-4.47422561794519,-6.090516038239,5.85075312107801,4.11691806465387
1.09916582867666,-3.74548498168588,-5.49582914338332,1,-7.68008094280958,0,6.39032498374581,-2.64289271458983,-4.27837290614843,0.951473992317915,-0.173126559704542
-1.56316257479127,-6.62659887969494,7.81581287395636,1,-1.66450791433454,0,-5.28495303913951,2.44121119007468,1.92400627955794,-7.1814143769443,-0.918831411749125
-0.137571287093742,-4.3371879607439,0.687856435468709,1,-3.76739278435707,0,4.27003710716963,4.04899155348539,2.9881497733295,5.40282291918993,7.85457929968834
-0.137481590673591,-2.68112763389945,0.687407953367953,1,0.206780456006527,0,-6.19102443382144,-4.82094304636121,1.10181459411979,2.10016279667616,3.05519129708409
-1.99746338026293,7.22878414019942,0.456124464639465,0,4.1823139898479,0,4.25859171897173,-3.4278877787292,-2.33292054012418,-3.25635618343949,-7.1391833499074
